{
  "project_info": {
    "project_number": "939088608460",
    "project_id": "mtp-transport-2",
    "storage_bucket": "mtp-transport-2.appspot.com"
  },
  "client": [
    {
      "client_info": {
        "mobilesdk_app_id": "1:939088608460:android:2ca2fcbedcedaa4b051669",
        "android_client_info": {
          "package_name": "com.example.mtp_transport"
        }
      },
      "oauth_client": [
        {
          "client_id": "939088608460-6s795qq6cubudg0sqagbo1mhlbq4eu31.apps.googleusercontent.com",
          "client_type": 3
        }
      ],
      "api_key": [
        {
          "current_key": "AIzaSyBtz8QyiPXhDDqnO-j9m-0fgYS-fn2NIPI"
        }
      ],
      "services": {
        "appinvite_service": {
          "other_platform_oauth_client": [
            {
              "client_id": "939088608460-6s795qq6cubudg0sqagbo1mhlbq4eu31.apps.googleusercontent.com",
              "client_type": 3
            }
          ]
        }
      }
    }
  ],
  "configuration_version": "1"
}